<?xml version="1.0" encoding="UTF-8"?>
<root>
  <item name="base.http.DataConverter base.http.ErrorModel convertError(int, java.lang.String) 0">
    <annotation name="android.support.annotation.IntDef">
      <val name="value" val="{base.http.ExceptionCode.CONNECTION_OFF, base.http.ExceptionCode.TIME_OUT, base.http.ExceptionCode.UNKNOWN, base.http.ExceptionCode.CANCEL, base.http.ExceptionCode.AUTHORIZE_FAIL}" />
    </annotation>
  </item>
  <item name="base.http.ExceptionCode.HttpCodeDef">
    <annotation name="android.support.annotation.IntDef">
      <val name="value" val="{base.http.ExceptionCode.CONNECTION_OFF, base.http.ExceptionCode.TIME_OUT, base.http.ExceptionCode.UNKNOWN, base.http.ExceptionCode.CANCEL, base.http.ExceptionCode.AUTHORIZE_FAIL}" />
    </annotation>
  </item>
</root>

