<?xml version="1.0" encoding="UTF-8"?>
<root>
  <item name="base.eventbus.Actions.ActionBack">
    <annotation name="android.support.annotation.IntDef">
      <val name="value" val="{base.eventbus.Actions.ID_CARD_BACK}" />
    </annotation>
  </item>
  <item name="base.eventbus.Actions.ActionDef">
    <annotation name="android.support.annotation.IntDef">
      <val name="value" val="{base.eventbus.Actions.QUERY_CITY_SELECTED}" />
    </annotation>
  </item>
  <item name="base.eventbus.Actions.ActionFront">
    <annotation name="android.support.annotation.IntDef">
      <val name="value" val="{base.eventbus.Actions.ID_CARD_FRONT}" />
    </annotation>
  </item>
  <item name="base.eventbus.Event Event(int) 0">
    <annotation name="android.support.annotation.IntDef">
      <val name="value" val="{base.eventbus.Actions.QUERY_CITY_SELECTED}" />
    </annotation>
  </item>
  <item name="base.eventbus.Event Event(int, T) 0">
    <annotation name="android.support.annotation.IntDef">
      <val name="value" val="{base.eventbus.Actions.QUERY_CITY_SELECTED}" />
    </annotation>
  </item>
</root>

